error1,error2
0.014064201192539488,0.01146992654737902
0.007750576992005886,0.044499172065124416
0.006941683117575736,0.06375685422772408
0.002486587302212693,0.05664583592561152
0.015633741611420626,0.024443362828757243
0.015633741611420626,0.015062568755938678
0.015633741611420626,0.0052610922623632095
0.00570769609138489,0.00772154073443188
0.00011512660992313947,0.011183538838222788
0.010377523281787237,0.0006737514402168991
0.02183381359324854,0.013631840104385362
0.007807385808827866,0.024508490582696104
0.007807385808827866,0.011215925461744167
0.007807385808827866,0.001275554608615046
0.020656638306331954,0.003622123556571054
0.001016187913183608,0.00158581638071597
0.0017155795796163476,0.03041466249981756
0.011376398187704617,0.01888060169695767
0.008330173221812074,0.00023210734188702542
0.008330173221812074,0.03218551401470588
0.008330173221812074,0.001816718222441457
0.0013498883313278589,0.0034735201997343986
0.02100433425946271,0.0014964138854049438
0.009532018818095513,0.008226495614005536
0.0029582980353838493,0.007624437888214808
0.0008107436434308742,0.006799674080529477
0.0008107436434308742,0.011909933825917709
0.0008107436434308742,0.005532309936861776
0.0015236821150481895,0.004138042737377452
0.005334001254827765,0.0118257817271015
0.010226765316283873,0.0029089329274934995
0.01573641239096784,0.036180586783263434
0.009810850669076552,0.009997669521053937
0.009810850669076552,0.007512941359892325
0.009810850669076552,0.01489160495469699
0.012867582885518787,0.0022925749634023778
0.005312191473043101,0.00042086023893158676
0.0039863836577994395,0.01120331660558946
0.003029826442432842,0.000933575984302995
0.002811765303528598,0.004912024843376758
0.002811765303528598,0.006285194315047658
0.002811765303528598,0.0020296302075017507
0.0057835119475787445,0.0023224961067235517
0.00568707345083659,0.007247480458407911
0.029214287722431242,0.0015246422200769626
0.01043340166289874,0.003833199754295447
0.007192334830898911,0.013054438507797424
0.007192334830898911,0.00020063267247197547
0.007192334830898911,0.0031175491361502814
0.006500533349405109,0.002315057858285071
0.009995474733090821,0.035610449882512496
0.0013700223125140208,0.01605909250600611
0.0026344077138390977,0.07097095933136974
0.006208231180844574,0.014284222911546433
0.006208231180844574,0.006655459729714614
0.006208231180844574,0.000611200102471345
0.006208231180844574,0.03043568343976898
0.006208231180844574,0.0014838611255180878
0.013058760047494086,0.028210948160124774
0.014281099406261256,0.013539279948702979
0.0052710974791291935,0.002865382760582576
0.0052710974791291935,0.034104369192546925
0.0052710974791291935,0.017729369659125485
0.0052710974791291935,0.007677895229820578
0.013246236916255011,0.09341560382969262
0.012432061252284653,0.11624364893794781
0.00024214336610490835,0.10992451443627532
0.0032986432292958245,0.12183338651681305
0.0032986432292958245,0.03856482413942558
0.0032986432292958245,0.0011211595310267799
0.010098400694840769,0.00982150668377211
0.008801474372502704,0.1623175445735621
0.02222108090763058,0.055275450014536744
0.010239222632315673,0.05273621901588297
0.008919635278118345,0.0004914985964797123
0.008919635278118345,0.002476036804077115
0.008919635278118345,0.011900756981085201
0.0124377311464095,0.08220845729150213
3.0449282008191707e-06,0.018365689943034547
0.01617164070919759,0.014764987870713314
0.0016388336459455186,0.0075950172778910885
0.010483295919076702,0.000584930324989667
0.010483295919076702,0.023604112207315363
0.010483295919076702,0.0068769794535453515
0.004185937694822777,0.0033018266689046017
0.018550365538087865,0.03250338457530368
0.0077227638499664745,0.017945483750340708
0.00482381608758109,0.003601838946610363
0.00600529013803342,0.004733502826058991
0.00600529013803342,0.004059184287628042
0.00600529013803342,0.004525239186479582
0.016982530371374926,0.053284465873285676
0.006880272558450399,0.02448510100303326
0.013540824808363749,0.0023382006852143817
0.004418747803357692,0.026421088327161654
0.007838615574289831,0.016116498194088714
0.007838615574289831,0.00016445141953101345
0.007838615574289831,0.015195308582448757
0.004356320480062127,0.018047578046450952
0.008731991830303307,0.0005775618610245353
0.0035335204345668778,0.08566947161632993
0.008437132098048966,0.00828011857543148
0.006517015470924937,0.00342810519976173
0.006517015470924937,0.0020917704109314965
0.006517015470924937,0.005002120732608292
0.005911580887127087,0.00308631827971846
0.0044463143912092246,0.007016543524414053
0.011695276997555341,0.019564900912669138
0.0031670399616678365,0.001001348093463372
0.0044384263424445255,0.015538591489502566
0.0044384263424445255,0.005175026582992928
0.0044384263424445255,0.007813674740202793
0.00469863645606358,0.05988969071330939
0.0017399687509685965,0.005676789803723436
0.008984872021470101,0.0005468878343513623
0.005388638784518234,0.03291004734286489
0.00261555079014634,0.021154764588336254
0.00261555079014634,0.011328343737819109
0.00261555079014634,0.028022801485517914
0.0019733455911822586,0.0018401889055978146
0.01364602721914402,0.00360256440834067
0.00491836095615168,0.04966577481706957
0.010749274857312944,0.025878922689598117
0.0012014147973212102,0.0015149718842270379
0.0012014147973212102,0.018720269491071702
0.0012014147973212102,0.004852264925309649
0.012075501372280696,0.002245210605170268
0.009416701514149056,0.1115591526658012
0.0036342098052427863,0.008855925528878244
0.00383932249550226,0.0006737160391278214
0.0007231219970293943,0.015085630852891043
0.0007231219970293943,0.033857142473658584
0.0007231219970293943,0.0019411770282127872
0.0003806523277672474,0.009034559589363172
0.004894042449761219,0.005924313470457224
0.024632757704458698,0.004913459306483615
0.0030840022819679687,0.1586803565431376
0.0017525431763752801,0.16770216502162635
0.0017525431763752801,0.0522851727228123
0.0017525431763752801,0.07510619281055939
0.007016127749510568,0.04730420094743165
0.005859810964940622,0.021644005286123178
0.0017889571678787906,0.07204238353584128
0.0012552353913940055,0.08422412488816743
0.006791563637059377,0.017863876408819913
0.006791563637059377,0.03667415045490036
0.006791563637059377,0.07172109263726112
0.0008276886660146585,0.01874853327901831
0.006284380976890707,0.0004022807741908509
0.003460511952455628,0.0009200264561202053
0.004423354029274655,0.0007526720214276449
0.0007416260170193552,0.05028750681699526
0.0007416260170193552,0.001883484923406674
0.0007416260170193552,0.02156217060159896
0.007634357385174685,0.05959214075206562
0.009740395493437807,0.02540555800793584
0.0033904843112005307,0.0017866130388223028
0.01098206920230561,0.0472750823363484
0.012893703648082877,0.024277882368969956
0.012893703648082877,0.004139350754833061
0.012893703648082877,0.018295935334786
0.0012503050653967904,0.008771817789980473
0.016201074052974728,0.012828800353311317
0.00937668176234148,0.034063392650811965
0.0047152606145713,0.01152843636943913
0.0047152606145713,0.016476701370541604
0.0047152606145713,0.015126179464974868
0.0047152606145713,0.01025925172164321
0.0047152606145713,0.030837541008681583
0.002244129379236077,0.03562001764212879
0.0007864471358028259,0.009979699900207535
0.0015896710908069446,0.011484932687535622
0.01150838373288367,0.014964588439172543
0.01150838373288367,0.008897132155395837
0.01150838373288367,0.01843750747339492
0.003374313548876861,0.02667167222731496
0.005962906818124473,0.017253010023850955
0.00033328198395387524,0.02244860340345124
0.0021699050436476226,0.02864753553410185
0.009398270509912508,0.002578536039873841
0.009398270509912508,0.005814514895986978
0.009398270509912508,0.05553836786665538
0.009398270509912508,0.017630825510733153
0.005410409003920722,0.010313786529110034
0.018569222855684967,0.036118652340306256
0.0008581212975657852,0.007637360889947091
0.001463140805023672,0.016680045144291954
0.001463140805023672,0.0074945193530634845
0.001463140805023672,0.0582556985151794
0.007625204183000576,0.006420278248536413
0.0022036981891015643,0.0570810534014102
0.00041385226608004735,0.019729188146972183
0.006890041792745796,0.007376135859819451
0.0018881545801518135,0.041095784058155456
0.0018881545801518135,1.4202932081526413e-05
0.0018881545801518135,0.005429695000662485
0.0008683618380893087,0.031009942855151
0.01867195225073923,0.03670140720932244
0.0018518447869132213,0.02643845612726223
0.003329204284814448,0.08589953765093986
0.005486127995412103,0.03154084515063797
0.005486127995412103,0.03788478309365333
0.005486127995412103,0.03283820490847241
0.0006024288326537244,0.07551329685667504
0.006223564231070598,0.03534483442994062
0.003895448375909104,0.04366341056178414
0.006492061617319962,0.08979915744183369
0.0021194831167742766,0.002875177813960549
0.0021194831167742766,0.04693761047988049
0.0021194831167742766,0.01516475886847087
0.0021194831167742766,0.002639752186107875
0.002829354489483266,0.013688436021748839
0.0012206992972558083,0.033947711330336264
0.007905905822619533,0.0048967247748918745
0.003552592642035665,0.03411080295760717
0.003552592642035665,0.003806744439618164
0.003552592642035665,0.00953366825968128
0.010051956576319585,0.11252144511890654
0.0029546697150539224,0.05390377446834729
0.014699757320079778,0.04900207448440828
0.005195141286701153,0.03993729630572081
0.0003440695532349875,0.011652291213263876
0.0003440695532349875,0.005331099731501019
0.0003440695532349875,0.0998432404173859
0.004108198120402211,0.018500471188479337
0.010055990741438833,0.016801568459014204
0.01793517516755197,0.12971039215775057
0.0015520436646993575,0.03854813406156624
0.006584428612606184,0.0013141806675119028
0.006584428612606184,0.004553811892484967
0.006584428612606184,0.03696728234077074
0.00583899842861502,0.0023606349929272815
0.0005207224074485558,0.015693572468735293
0.006323382202392189,0.019600983294197603
0.003860768062096684,0.009267989337692715
0.008608027482279733,0.059963657664940835
0.008608027482279733,0.05377599798292323
0.008608027482279733,0.019322551310879656
0.003116802381310211,0.0016197979278121041
0.0010032459463400593,0.0206843856098441
0.0036170565075827952,0.011389161221441171
0.0010414475208303,0.04191735447991987
0.010346024304404178,0.003376134775297221
0.010346024304404178,0.03522506292161751
0.010346024304404178,0.04447145972440555
0.004556404453807078,0.022826706396796324
0.0022815377063895173,0.002343149187671273
0.004481722743563148,0.00021641039825624192
0.006767114566039634,0.050872111958894205
0.00254218097559437,0.007337950047101597
0.00254218097559437,0.011217750295226571
0.00254218097559437,0.07394804605861792
0.00023698585235075779,0.030757289259637142
0.007598152488996511,0.020475744107484
0.0018872219713062268,0.013389106360633877
0.010487520358009223,0.011541399733099459
0.0046762677385462255,0.13887560663115628
0.0046762677385462255,0.0821840171864002
0.0046762677385462255,0.008446251949324619
0.006189673241642199,0.1797798657219495
0.001799481311365067,0.01760063310743455
0.0021728476786613015,0.0017172644897769157
0.008424951835337771,0.15534545012242088
0.006037616226928664,0.05327564649800708
0.006037616226928664,0.0018243414298477272
0.006037616226928664,0.031524592031855925
0.0012262901195402955,0.07936481936600229
0.004853738556789622,0.0005010595013015541
0.010870123796810165,0.029417289426875572
0.0026737038095146445,0.04532475920993037
0.001812485301846277,0.0031167400557101993
0.001812485301846277,0.017081199118186514
0.001812485301846277,0.040024557971301625
0.0023445195157247327,0.00533054205496531
0.0014503696440731134,0.06671352647557154
0.0014234509471271848,0.03639760026041734
0.00846554311601049,0.005442389052946691
0.0006724699919985052,0.13002396101947103
0.0006724699919985052,0.0031776088011320116
0.0006724699919985052,0.019785896732086423
0.0026216086692563523,0.06608332710932831
0.006614149759038015,0.03693888137572521
0.009286575989927312,0.01380027553026635
0.0005045305607676147,0.07331792210438103
0.00420343270917097,0.05157667359533033
0.00420343270917097,0.004908289383084036
0.00420343270917097,0.08798340415744747
0.010306946849345293,0.02697759394016221
0.002141497272603892,0.018743599882754335
0.008655158605710719,0.02514866860695518
0.006408754236245249,0.05692130890370166
0.0043624922085023846,0.017456254922054854
0.0043624922085023846,0.003621918397058078
0.0043624922085023846,0.037516050893264555
0.007363987584649964,0.0259900765465898
0.0023961524013994457,0.03590306842961398
0.0009283622588425388,0.03145878165445663
0.003799855350561226,0.010341296670437759
0.025231017041601952,0.002891536827018311
0.025231017041601952,0.01071183007236311
0.025231017041601952,0.013215095449343914
0.025231017041601952,0.049359673076717715
0.0105997461877465,0.010267109060347394
0.0008874564423520206,0.013168937401424765
0.0056381131756317185,0.057459573406076984
0.00874594565276346,0.07797267492065238
0.00874594565276346,0.022100270767359254
0.00874594565276346,0.0655368724574342
0.0008629597102238652,0.01748101370130813
0.0004907506566973407,0.027933103785853546
0.0030648497871213825,0.04689532686019101
0.0009010790505234714,0.07702112521423862
0.010309277882689497,0.027340555681976467
0.010309277882689497,0.0012487732683226832
0.010309277882689497,0.023436995144567006
0.007601167069070991,0.02106711611435443
0.0004908024053754937,0.06756409598841397
0.0034763608814781925,0.2136307122865328
0.002444200193009152,0.04748046668807798
0.009256148483047904,0.14625753292714389
0.009256148483047904,0.0010359833383804236
0.009256148483047904,0.020662643279449076
0.0026092927292693355,0.06461522347282016
0.0006451383269960986,0.01003898299669633
0.01570678941039477,0.02422639102476188
0.0017841148528719905,0.0752274415751342
0.0016875667786187243,0.03154512858696279
0.0016875667786187243,0.0022919991124375583
0.0016875667786187243,0.041504301595740534
0.004748429775663436,0.005731168618281696
0.014042984118806872,0.007694134420860335
0.0004065204214025027,0.0759212131005346
0.00034006761230357145,0.0025850047369416437
0.0076023775535351045,0.009894966858997205
0.0076023775535351045,0.04229066190473246
0.0076023775535351045,0.004946654430170593
0.0023746915770232416,0.0013057640126590343
0.0024263551075829294,0.044078516595471955
0.00024135285602060736,0.022617401477153347
0.00995679165012034,0.007785849087550934
0.013490035721120895,0.009314024119578213
0.013490035721120895,0.04563733339679736
0.013490035721120895,0.0038519302293862556
0.01139708794433067,0.03084066602953323
0.0014697340813761466,0.00337210440114207
0.0007077981832617271,0.006474366418923189
0.007314448622786348,0.12629396604488888
0.0032000322819293187,0.04121364371730211
0.0032000322819293187,0.007141202789657362
0.0032000322819293187,0.02886941681480713
0.014468489350344688,0.028520211259467604
0.004454625435533187,0.010192799151096681
0.0049810372945367,0.016054367627698705
0.0036160819661196528,0.03498399712208948
0.004952498190624952,0.006255079288441828
0.004952498190624952,0.0085570527333232
0.004952498190624952,0.02638836980897728
0.001285738044997521,0.002688551291164753
0.0007556135805123845,0.04829769001099098
0.000740755356407998,0.03315149907468805
0.0056264260371723905,0.007335399102042994
0.004468966885935441,0.026547402968503286
0.004468966885935441,0.05577739555600047
0.004468966885935441,0.008327050766325983
0.0010150408016988373,0.032267874973354045
0.005622228749015434,0.03587681970540609
0.002014161372567169,0.005766092055636902
0.009332981360294385,0.05443208326076128
0.0027726217480393586,0.024593821509185695
0.0027726217480393586,0.01914981378636397
0.0027726217480393586,0.06280632947802839
0.003876382074767086,0.010527889751889135
0.006641150178635077,0.002113038559411917
0.0005414444060108003,0.0030155455173810995
0.0006603156324159956,0.0718443399220092
0.005268298145888287,0.023373000310476302
0.005268298145888287,0.15110435942359804
0.005268298145888287,0.15310969138403965
0.0027056855223009007,0.0010073645603197227
0.005904475711920412,0.10512757091177453
0.0015348711639784796,0.07213487427385899
0.003382577478233172,0.0004133426206857034
0.0017575376794549385,0.01482396811834958
0.0017575376794549385,0.015014383854249516
0.0017575376794549385,0.0032071697542493146
0.0020207159913431605,0.008173840499905926
0.0028125563960692793,0.01541921501178421
0.003081943441364207,0.012289040503227412
0.00030571320175842994,0.008009310889532564
0.0032649985845637905,0.04339139904404717
0.0032649985845637905,0.0003766768341042692
0.0032649985845637905,0.08922342021076125
0.0022049123964540313,0.019112632685742675
0.006587487469330798,0.01327264333555303
0.0033531110433546525,0.012303180149535551
0.0035977003867470156,0.058867866195852686
0.0014073229794895085,0.00957282212062044
0.0014073229794895085,0.029064154450531877
0.0014073229794895085,0.01203931821086276
0.005278329984904412,0.010632910985507634
0.001528570032768141,0.1332374494281613
0.006214209071720188,0.18168982449084606
0.002441039984892838,0.08147770639495397
0.0017210143797056732,0.13319492604862407
0.0017210143797056732,0.0035611320662716586
0.0017210143797056732,0.008750928717629947
0.003832521555610417,0.11560032104752398
0.0028332338158706775,0.0779187536177014
0.007578431223014191,0.041598287223564914
0.003085112520790289,0.08148149377301393
0.005258660381390721,0.06508368134163499
0.005258660381390721,0.04312237894030997
0.005258660381390721,0.027870949878342616
0.0002530631774351265,0.07927678158774801
0.0039050644997759014,0.016951922078457107
3.725663039803087e-05,0.08977730965814472
0.003109690575588902,0.04400258279577466
0.00880416271772001,0.09349534160266433
0.00880416271772001,0.03944260058768645
0.00880416271772001,0.0016639609857114523
0.00880416271772001,0.038194306350164325
0.00880416271772001,0.12077557670128974
0.00711016043210684,0.12877409928652578
0.0015269375656983472,0.001681795986919385
0.010413165225860128,0.08046117298644338
0.010413165225860128,0.07665126782313635
0.010413165225860128,0.04514950564286867
0.010413165225860128,0.08044219878579241
0.0025138167905052167,0.010866973339891048
0.0013606722102651862,0.005401572242131287
0.0018287287891120027,0.12096121016153831
0.001054259614864592,0.009511055066007981
0.001054259614864592,0.016341593558121204
0.001054259614864592,0.1294906665549384
0.007999214324103473,0.028061452895876644
0.008565403947499217,0.015815518105091547
0.00017008933623745273,0.08402625901875922
0.0015558403477513678,0.056402336317509065
0.00788042587006615,0.01054951311033544
0.00788042587006615,0.006426301902986085
0.00788042587006615,0.01170548173247513
0.00763828248867357,0.03564037250990709
0.0012564657073050212,0.21843462971412364
0.0037981733228748004,0.039438555550160063
0.0014742506121038375,0.015495352699777932
0.003236869473302119,0.13887747200500514
0.003236869473302119,0.13518943817684628
0.003236869473302119,0.0013527317187441554
0.0003901618582536973,0.024675126650770193
0.013710050521991934,0.008129317470946657
0.002154188152960626,0.010847312027558727
0.0029933938966069545,0.03716794386354058
0.008352658630661794,0.05043609195878905
0.008352658630661794,0.007584285827496531
0.008352658630661794,0.017409538936092848
0.0002794989667236604,0.09686756672969284
0.0012559469162610097,4.5064193004060204e-05
0.00403647234805368,0.09923377518295112
0.00840395752888437,0.005259512543955969
0.0021868384656914086,0.00996499638678011
0.0021868384656914086,0.037388602759640316
0.0021868384656914086,0.2105816025890439
0.002706262540787561,0.028410690160902554
0.00553676783242047,0.16603078191969356
0.006836335126730008,0.03569326435731673
6.393578509829622e-05,0.015248118411287466
0.006163506458793531,0.02499460510573576
0.006163506458793531,0.020186023794376715
0.006163506458793531,0.017005635360614755
0.000996682306519447,0.07664577773036933
0.007398007782910437,0.09608632565469868
0.009927331306760276,0.02901251148545206
0.004310436804681097,0.07341451897537182
0.004627235538828556,0.07205817954022398
0.004627235538828556,0.020984343009449128
0.004627235538828556,0.004934589037523028
0.004443821984553051,0.030046909961159992
0.0059587069351875604,0.010043478717894343
0.0005106863125308033,0.12296264821504159
5.163562482098431e-05,0.0461457394787273
0.004124035067789135,0.008219671452153347
0.004124035067789135,0.04176214899118108
0.004124035067789135,0.07302844129481886
0.0075253808496613455,0.0012096734196695936
0.004213299225247426,0.008059195523115452
0.005552039090102101,0.0597341084196997
0.014142376606028424,0.007630582798452549
0.004587417901754414,0.034470103961619245
0.004587417901754414,0.007155263302625933
0.004587417901754414,0.005736865301874894
0.0087067132490249,0.07312034586054648
0.0037393690801292103,0.06366154902315921
0.0061654999621858,0.015113055312320264
0.0011602135888427961,0.08712782535602985
0.0011689832988829826,0.02563431973395025
0.0011689832988829826,0.014510023224728158
0.0011689832988829826,0.05115703862312244
0.0028526547423357454,0.0007088957649377779
0.0002898292504049475,0.009203406325502478
0.004109305242179863,0.08558916202103203
0.006207045319281168,0.0364137453597398
0.0029078154038382487,0.01670217684534492
0.0029078154038382487,0.003941461924593793
0.0029078154038382487,0.04049291766772195
0.0017444463642360946,0.032537208054424956
0.007752749023406305,0.04663119387183864
0.004140767394952207,0.023709410115833465
0.011635773762681084,0.012398049410870996
0.000705665285908006,0.0008347792919632699
0.000705665285908006,0.001181280304554849
0.000705665285908006,0.013036185996922706
0.009659017917817465,0.06459635422388914
0.005443057771741523,0.027464144631220933
0.005203012278348967,0.007455708889607099
0.00867545033120055,0.14534087612103963
0.00867545033120055,0.04376848147285049
0.00867545033120055,0.012958046823473044
0.00867545033120055,0.02672745251239997
0.00867545033120055,0.06025284928809488
0.0010906800581300198,0.005099732432974807
0.008135864915556044,0.0794621328258056
0.0038025559999340566,0.01651274597693296
4.415113072120011e-05,0.017694841315148365
4.415113072120011e-05,0.06262346801413465
4.415113072120011e-05,0.044434150171741155
0.004879454070237475,0.022989868263373875
0.007612315175374052,0.026407180217247715
0.009190077153947197,0.11984302644856523
0.0025721558269096766,0.0016020933473847832
0.003595801934932627,0.010725317729736077
0.003595801934932627,0.03527842861239047
0.003595801934932627,0.000646608451307125
0.006513178331192654,0.05990394906479137
0.0075265517716594284,0.042050346404941714
0.003379389327782385,0.001130200116663267
0.009012733249249361,0.0774093151397982
0.008406024427752151,0.01344893604801375
0.008406024427752151,0.013589715668302587
0.008406024427752151,0.001026457194984471
0.0052189502627516616,0.06463620651319325
0.0060678110263794995,0.00542375602059194
8.14243200525149e-05,0.04584847288199129
0.0006861153139838221,0.02866207350528437
0.00630287826965795,0.009060162500084156
0.00630287826965795,0.04285385996341641
0.00630287826965795,0.012305620386652682
0.0035069348030502953,0.004562334437332306
0.000987326912540874,0.0049676962756569675
0.009187318390576772,0.04040180766348459
0.004629508748798567,0.006195749862225091
0.001323751284075868,0.0001398359861177375
0.001323751284075868,0.022243152326100232
0.001323751284075868,0.002340111125597727
0.001323751284075868,0.04606021472795705
0.0061703509060069845,0.011798039289436102
0.00391089954268395,0.0022503370959113637
0.004285247381314187,0.09978385067167526
0.0036182101731795685,0.00828025272169536
0.0036182101731795685,0.0013945416481028969
0.0036182101731795685,0.022637756893654194
0.018742950992551893,0.017249777921766848
0.00019564005738073934,0.004069323180382582
0.0003559006350073639,0.04435862411837761
1.5113150576858798e-05,0.019146339083202586
0.0009120738439612842,0.002119017928500533
0.0009120738439612842,0.033867692540076794
0.0009120738439612842,0.012464124580198478
0.004554388639417842,0.002983225555722941
0.002626943029390722,0.1093376280781661
0.013385793913820143,0.002471019698547063
0.0011302925484941468,0.005920797926176673
0.005373119653526709,0.026954659431491695
0.005373119653526709,0.007189195200497701
0.005373119653526709,0.003918165726882454
0.005373119653526709,0.02165438130099426
0.005247865308815471,0.0028684676978671516
0.004005659812471973,0.006435755573677025
0.00806645860981034,0.026245419203339244
0.0014528218829829597,0.0217943104214875
0.0014528218829829597,0.004306744081942006
0.0014528218829829597,0.014470815846147449
0.002104066929098345,0.018151240041761323
0.006828840556351194,0.003168610594545694
0.0020141854602247385,0.009419760647143182
0.001154520236240552,0.005845838584968902
0.001261987381721627,0.0006261006322774736
0.001261987381721627,0.12230180731943327
0.001261987381721627,0.011082394781288104
0.0004264665952726993,0.0051137756110565735
0.0016339376462374492,0.0853687096261837
0.005498374013917328,0.048492736265683185
0.01356705612168746,0.010077336706030898
0.0026179729174917368,0.014870641325360874
0.0026179729174917368,0.0028176843862878884
0.0026179729174917368,0.002135151331575213
0.003493416779213903,0.049146894750945476
0.0006890318407602993,0.007722319723086674
0.0055896453154806935,0.010605120631923537
0.0029838544948579686,0.06226485638287541
0.00044995772326607904,0.03599967350858812
0.00044995772326607904,0.007521154588863149
0.00044995772326607904,0.014308963243642432
0.0060779640838188095,0.009065409100460055
0.004259226596132402,0.011780230322627464
0.001757233467184906,0.0077559614878734
8.671776892761276e-05,0.02363515117504805
0.0008444170592051776,0.05585820254560437
0.0008444170592051776,0.0420830326668283
0.0008444170592051776,0.0260110951295294
0.004376609561896696,0.03341623130804569
0.004913848856118917,0.0049562274129662815
0.0014727251360057854,0.007528774818230229
0.0011158539360044812,0.001199594400076059
0.006465389994827706,0.010906466395858183
0.006465389994827706,0.029451035471390507
0.006465389994827706,0.002754419686687951
0.004879801646382293,0.028199602954477987
0.00160951460850921,0.018758014537097356
0.0033646141166515913,0.00926781530059473
0.0024072027404366983,0.019772326201701218
0.0007700501083526431,0.004483317774490804
0.0007700501083526431,0.007228977474762927
0.0007700501083526431,0.04579644242653083
0.005202707011651051,0.056866422812809805
0.005654190021082689,0.05987431111810865
0.004245954988189537,0.0006653356072395406
0.010901164014400782,0.0026055396027356553
0.0009227046994678047,0.013463261248018782
0.0009227046994678047,0.017371182716465414
0.0009227046994678047,0.028367394965255154
0.004412087741008692,0.0027270938125194713
0.004188116037530149,0.06315007772015112
0.0011918084149554965,0.02092877654880255
0.0022393824013622506,0.03315381946942791
0.0011532622258161307,0.031817916880948136
0.0011532622258161307,0.0021733445200030296
0.0011532622258161307,0.0016149430227628684
0.0010088996866680605,0.0418569047111642
0.0003126778926151338,0.04458608231646126
0.001660719942704446,0.010569029568540675
0.001908620835422075,0.03109414642716449
0.004279651042607875,0.017161540738198908
0.004279651042607875,0.031207525833742377
0.004279651042607875,0.0023299419029928635
0.003290211971335498,0.0011692653354221073
0.0009046513922862169,0.04146524238010341
0.005167180569587576,0.042582368790437114
0.0016682928599864922,0.011571921018831548
0.010327274989353508,0.04023337875006327
0.010327274989353508,0.037570686350264955
0.010327274989353508,0.0053162436217590245
0.0023191866043659184,0.012362208010463102
0.011092785327858998,0.02236625173306308
0.0003607762127216143,0.0016391366623757352
0.0002054238286440864,0.001488985805004084
0.006776722771575726,0.022635985151378428
0.006776722771575726,0.004920625486878828
0.006776722771575726,0.016870859416405353
0.0077894819376997555,0.011932941747218585
0.006422753905965268,0.032260158254060235
0.0023438187149663154,0.03562107239862078
0.005531966623712988,0.03706740836559152
0.01334678897367414,0.027423478990990457
0.01334678897367414,0.0021306458000646565
0.01334678897367414,0.0009738633773800526
0.01334678897367414,0.042244873010271536
0.0064645771409251596,0.006450797340775536
0.004799079286200595,0.0227461860666747
0.00556298719164122,0.009140695904391594
0.0008508336028228464,0.0039525297270898915
0.0008508336028228464,0.03024769320107255
0.0008508336028228464,0.0032735910669102666
0.006616003154265809,0.0019600944712585525
0.0061751039290890075,0.024408703653394172
0.008262640382204697,0.10859811120172533
0.004419245286795374,0.027386561086235068
0.0009778674927271931,0.022814828908081602
0.0009778674927271931,0.010437210203055873
0.0009778674927271931,0.005398028251644619
0.00460361028808217,0.010174956781547048
0.005949209127254597,0.004128760054699631
0.012868115825729104,0.00952184889720824
0.006384033232818936,0.02614365849357478
0.0008234404215661044,0.00018203779365940043
0.0008234404215661044,0.00015139024912762556
0.0008234404215661044,0.01936176607988527
0.0005989733262177266,0.014047754815600333
0.0033828475900251473,0.010346058359783798
0.004772353877767424,0.011240321765798868
0.007766569804420944,0.03655991578915857
0.0034813605443765995,0.007760934302527936
0.0034813605443765995,0.007889353545353304
0.0034813605443765995,0.00862850318639153
0.00024399225755635597,0.005575423826316648
0.006208658584336127,0.014656208864569484
0.007501400645300631,0.014783860111202658
0.0019174575934607007,0.023798004845543324
0.002459514899459891,0.0209489554088801
0.002459514899459891,0.011884461586307883
0.002459514899459891,0.005207794681506405
0.013442662643784409,0.00518183463056579
0.002013691446501322,0.010881715003221054
0.0021278981551993118,0.005916263017111993
0.0008206197088089336,0.01438990987800777
0.01378543021899633,0.0012172062210106902
0.01378543021899633,0.0005293262310117891
0.01378543021899633,0.007536565044236135
0.0014563495148656599,6.227414387002335e-05
0.003245855492338086,0.0010721241557980965
0.014812653868737558,0.06030967400448378
0.012221999498664806,0.01061921783919608
0.006982277776887493,0.0010584445702047217
0.006982277776887493,0.009379240283365616
0.006982277776887493,0.023823270702320095
0.0008206626268485952,0.020893238043264577
0.0017252770448346925,0.002504856713065094
0.005010616400479457,0.004735344378205162
0.004499032747953353,0.00882803264779541
0.005430782789153023,0.002551817723556483
0.005430782789153023,0.006782019584140252
0.005430782789153023,0.0046803374750905395
0.011520265313681392,0.0034187108046200847
0.0060940270315654535,0.0043396559061500495
0.0002434378182960448,0.003124006068296867
0.00215808827847401,0.002077507976681503
0.003091006976703101,0.0006940447234226372
0.003091006976703101,0.0011350470497556752
0.003091006976703101,0.01119506482586108
0.0044682807404524336,0.009614228960714495
0.008400476299178339,0.0013260672535780782
0.014173541485958317,0.007604743716532023
0.00035552472754255676,0.007400202015123651
0.00048541907379747595,0.0005396675576727621
0.00048541907379747595,0.001315273989740754
0.00048541907379747595,0.008246574555692117
0.0011575209730609732,0.0003695085953958276
0.0018689843682452893,0.016368413129124543
0.00518256527267143,0.01136323795091119
0.01059983012758522,0.0037273810096272357
0.0038954867650580734,0.0048193373564217
0.0038954867650580734,0.0013211736945802968
0.0038954867650580734,0.0062384419413580895
0.0023549250288342877,0.006036930681532144
0.0012914811762436145,0.030395987072011542
0.006824266245066606,0.06449757534827064
0.007457150380817372,0.020410719638042623
0.00213634682294263,0.0077810106418742765
0.00213634682294263,0.007494086422068736
0.00213634682294263,0.04959243292085023
0.0009029059393389336,0.10870882928416753
0.002211833605397168,0.05436238610973614
0.0004187879401124235,0.03624351022544173
0.0030677819155212407,0.05539914182647238
0.00025650269017569104,0.039203081080917745
0.00025650269017569104,0.1346281129979383
0.00025650269017569104,0.077334952374888
0.0019854273614100973,0.02423630074727193
0.006443469860109498,0.09393263030002155
0.011344727572493914,0.04139125813846784
0.00776354737848923,0.007755599579822194
0.010529407859580744,0.029235211580822353
0.010529407859580744,0.030147545761186067
0.010529407859580744,0.0036789933598689157
0.008293742648487569,0.031807058963360134
0.004141741951508837,0.005828512189334108
0.004884968741433906,0.011375908889270885
0.00012641504317749525,0.07772634466831163
0.001074600746782244,0.042919182811750826
0.001074600746782244,0.023116783763829144
0.001074600746782244,0.03713855414312136
0.0005507094122080655,0.0144161232587624
0.00017309537533478076,0.015283345869707511
0.0029588710133809856,0.01711388862167238
0.006474380536587303,0.022113498868400406
0.004744090870376722,0.011009808164547602
0.004744090870376722,0.025934093376224755
0.004744090870376722,0.049520148506252755
0.0032869564866084863,0.05475678277567748
0.006212321611719853,0.07024989580163321
0.0030190755490269506,0.04035047250589353
0.0022463884314784565,0.031963229350004854
0.0013210628299713918,0.06381933828170135
0.0013210628299713918,0.04663265854514307
0.0013210628299713918,0.010543484191279907
0.004431335342230035,0.04057620267009781
0.004431335342230035,0.02151665189111506
0.004431335342230035,0.011355773616541066
0.0077749104095824265,0.023008691350543346
0.0009590120364303563,0.05561387389862433
0.0009590120364303563,0.042215896320112696
0.0009590120364303563,0.018600352881026405
0.00034614411841063595,0.005839290415229807
0.00034614411841063595,0.03322748122495888
0.004471371790116703,0.0027627018733663972
0.009632451734095016,0.008229707157119903
0.007450808281501892,0.014074530777899111
0.007450808281501892,0.018443264010464835
0.007450808281501892,0.029528622039135404
0.004951354811462503,0.0029214115276864107
0.0007009542910563969,0.0026477265533501057
0.0010694893448295563,0.05606764535686006
0.003673686581294931,0.03396698631440314
0.00103514534706348,0.01307623821700636
0.00103514534706348,0.007723470309972353
0.00103514534706348,0.010885658065875556
2.21610392438381e-05,0.04339609968839211
0.0030013833099491664,0.0045195809533413005
0.0029434549346598776,0.007977318244671235
0.006521591535629853,0.01091867174263288
0.005491779997446657,0.02256114151561116
0.005491779997446657,0.008366849371289635
0.005491779997446657,0.03849044630640172
0.0006430870499364528,0.005900948286602195
0.002469868055332421,0.019009950997837886
0.0018158621479643154,0.0014248891249017273
0.007288643997361265,0.01025118532600063
0.006206841932753248,0.0013203341966064527
0.006206841932753248,0.0029371072799121082
0.006206841932753248,0.003041189806458562
0.0033656748733595396,0.02692220082930102
0.0014183199335031551,0.001820120874511534
0.008369938722261841,0.018274130067487883
0.004521664434066786,0.00704724037520919
0.006652514840414262,0.013187807914207124
0.006652514840414262,0.010698904549440185
0.006652514840414262,0.012239714017371488
7.573579025280404e-05,0.004323738087431953
0.0024012360664102954,0.007793789088807163
0.002985955707435485,0.01600510858021053
0.00274404364353333,0.00014257480756530558
0.007330643545947523,0.07503193212077364
0.007330643545947523,0.0015443162201669864
0.007330643545947523,0.00540906481832136
0.0018139171941962586,0.016425056452275696
0.0012752502287595947,0.0008834277938016539
0.0019530332172800011,0.0052404476390973806
0.0029180377933083214,0.00390753899261083
0.005696172721930269,0.0021348322381448148
0.005696172721930269,0.00262169240316003
0.005696172721930269,0.012926405577368705
0.005293758224351698,0.05955290154366148
0.0056265225358922265,0.0047702305546749564
0.011224541133686754,0.012361776839797181
0.003232626473528074,0.01459412064494728
0.00024725135555441873,0.00815620386657421
0.00024725135555441873,0.03555984418364766
0.00024725135555441873,0.10077904151857063
0.0057942176727726075,0.0016115480664606425
0.002998199697342358,0.0011365659326600841
0.004030777520549483,0.0018009654993967376
0.006570443011898565,0.0030091617324291024
0.021466248689840844,0.0048386999104491546
0.021466248689840844,0.0033534224763285816
0.021466248689840844,0.00647253512624567
0.0014111337530976892,0.024992424254209118
0.001492362412310924,0.03138642292565287
0.0008835423635740183,0.006164599441991022
0.00882511757159468,0.0008298670515013572
0.004527932142494232,0.003709507549989762
0.004527932142494232,0.017119114014879498
0.004527932142494232,0.003921683481490991
0.003526243225018129,0.014891573052651718
0.007045564832020952,0.0006688565308024349
0.010199350498075558,0.004507634757630455
0.006629901034571187,0.00010970111784041922
0.0010737607458980165,0.012549005987735116
0.0010737607458980165,0.021432044436893137
0.0010737607458980165,0.0019584115733865246
0.0011388470492353683,0.0015153866664395998
0.003543656565166372,0.006506910210609262
0.004288718231894431,0.007528441684499324
0.0006158285078526213,0.015327448254286806
0.005743212609914085,0.004153614274764176
0.005743212609914085,0.002450891011041581
0.005743212609914085,0.005649156736905185
0.003269744235057175,0.017542487978780504
0.005319920041705365,0.0012761042505420085
0.011239591479065206,0.02410869705053919
0.0010166009251345565,0.00028700303316158543
0.0012410542712846533,0.016276149386068448
0.0012410542712846533,0.0011053034731672495
0.0012410542712846533,0.0027256612947892576
0.0021668546405585027,0.006487932250099977
0.0005166297604507625,0.14867891674493286
0.005365548722783896,0.004425091360980292
0.004750138822112319,0.015769289384940453
0.009056157971807317,0.01790831506738868
0.009056157971807317,0.0010039181586700197
0.009056157971807317,0.020091052801928196
0.0018441864606895562,0.008740840000279386
0.0015245738484945934,0.02492000357868609
0.005554804618423306,0.01839727517668827
0.0034705663563849624,0.06119525667704821
0.006548277760296383,0.0031420017446809226
0.006548277760296383,0.007606334840896284
0.006548277760296383,0.01057677342081132
0.006504863936121562,0.028510544083541606
0.0009972549920361801,0.02289166675339029
0.00030030427203751273,0.0011557444312742015
0.004568902860487428,0.004294164913257929
0.004568902860487428,0.005792354956827691
0.004568902860487428,0.0011309589160115588
0.004568902860487428,0.01195808213035275
0.004568902860487428,0.009971620165014823
0.003042196344188924,0.020213507492095457
0.007158114495220781,0.020388020598727987
0.0012548906484419879,0.05571808737524586
0.0041785664967716,0.008458611972981573
0.0041785664967716,0.006652861440917286
0.0041785664967716,0.0012876060652484346
0.0032986561066327717,0.012094711481285868
0.0009279279028884263,0.0031336695101337087
0.010020763704157859,0.007251610553047632
0.008476161353808291,0.009928410768931362
0.0019961727094391485,0.04514560452045909
0.0019961727094391485,0.021468634306051313
0.0019961727094391485,0.012878277520595187
0.0019961727094391485,0.011135015077432081
0.003361601874170722,0.007433004642406927
0.0006759716105918709,0.02641456976369822
0.0009873547778362416,0.029156765445043115
0.0067123475182790104,0.024617223843079242
0.0067123475182790104,0.11604598301889855
0.0067123475182790104,0.09200592204249736
0.0014110472576086776,0.09797238008838617
0.00021991478306919676,0.03491757319264358
0.005792892043949535,0.017950261206399202
0.007618538857398038,0.049134404087742715
0.0011046621274053798,0.08998279016190676
0.0011046621274053798,0.025101923763770163
0.0011046621274053798,0.10618784689371653
0.003447306688129901,0.028160276131929604
0.0034848856500391636,0.020319733820120114
0.007780016136573109,0.05446450977458685
0.002171911369594128,0.019071889980777686
0.002859271055080862,0.008460488962799384
0.002859271055080862,0.0005752192672574002
0.002859271055080862,0.06776254839311022
0.002859271055080862,0.0006483138568793752
0.0034609302825246353,0.017660661807186468
0.0006102129917789604,0.019070392951372958
0.011599626913708676,0.059930678525892206
0.014978295072279357,0.018869583725299493
0.014978295072279357,0.007251682430880218
0.014978295072279357,0.010365349694746302
0.0005241902142240019,0.08356733099113497
0.006239976783745699,0.08055956842164604
0.0026287233363934868,0.004299436931869626
0.0032766156019597135,0.0038484029777363813
0.010820212571006375,0.018275860103625693
0.010820212571006375,0.012706959328502784
0.010820212571006375,0.043115456431926186
0.0014518547130627875,0.044161850375344695
0.006448978811734903,0.014542131272225858
0.000361161965278751,0.026607073385215
0.010039305428375367,0.005586267297757741
0.011747648305517893,0.04865004215733574
0.011747648305517893,0.01684349359992351
0.011747648305517893,0.00870330361584868
0.0009990276972790034,0.031939633510557404
0.0013803756932827223,0.03372101095928857
0.02458598014924023,0.014338944530000826
0.005051796370089147,0.020956574559543164
0.0007550996321935151,0.06173736163550807
0.0007550996321935151,0.03686874204169924
0.0007550996321935151,0.004291175806595916
0.014694905938651552,0.01050602498954356
0.0277394707268366,0.055351212582792214
0.00018615384732504622,0.07763702988531239
0.0029845996366365713,0.19609259657745468
0.01605474379521551,0.06137382105984944
0.01605474379521551,0.0171224622343314
0.01605474379521551,0.14056337328534937
0.0007642479302568448,0.06102402751110998
0.01428516252305155,0.006558376033573941
0.002660567029693847,0.0933746879456067
0.021067483518840628,0.06113494014769579
0.008462375780040686,0.054530426303942586
0.008462375780040686,0.00877047774033218
0.008462375780040686,0.016202304948965383
0.008225677524146503,0.06219267065491977
0.010523623184876494,0.02640591251680287
0.002271667239838891,0.04780409710826458
0.006089068570844921,0.08881806301447318
0.001803482343780199,0.015944643921194532
0.001803482343780199,0.03811632445974699
0.001803482343780199,0.13752565495073565
0.0034203512660995043,0.03743331174951014
0.0012666877018288562,0.14952520910442427
0.0034074569035597783,0.014374612792140133
0.013847763081806313,0.09553324791820755
0.010216467181019867,0.009383995802529535
0.010216467181019867,0.01660300998647142
0.010216467181019867,0.013495406945946002
0.003996497132725115,0.03093520208144282
0.0009759958793085488,0.056283464051453534
0.009585875711346482,0.016606641627058785
0.0010394973896876445,0.009911340729319425
0.002294355275363618,1.756676083810948e-05
0.002294355275363618,0.04000702374859953
0.002294355275363618,0.0015152289277014118
0.0034129977567397946,0.0005956900696841174
0.0005833027214590645,0.009465914674695758
0.015902528796801624,0.05269861121427991
0.02154517128224951,0.040359969909090965
0.019885352541593897,0.016788891949792585
0.019885352541593897,0.028465123975943786
0.019885352541593897,0.019850753173754968
0.0007017922410924272,0.07075538450661115
0.02515489326964679,0.01677573039958551
0.006963565092386871,0.0339018608837648
0.0022709639757733284,0.007941290873905544
0.0022370134354374105,0.016186943604602558
0.0022370134354374105,0.05867081376856573
0.0022370134354374105,0.009754704256958038
0.006214627390095804,0.017097903865829545
0.006564949408902067,0.05684116251540887
0.00023748235978473004,0.09448472405660063
0.0028476621057577298,0.022480295541950756
0.015299676295978995,0.005335934183453274
0.015299676295978995,0.016054159553133864
0.015299676295978995,0.006464258749621925
0.00117761822367157,0.053407582611632386
0.002731732678050261,0.013447509962868039
0.003598988954104568,0.06747479377450642
0.001579340204654073,0.009305152972253417
0.016715401001491714,0.026383704185299124
0.016715401001491714,0.02574173553140818
0.016715401001491714,0.005128005087210893
0.016715401001491714,0.020734255150626227
0.0026480717985813396,0.0167719119970087
0.0005653295517760447,0.04865562354898602
0.010472299012330127,0.02828580630707551
0.0056685302020221175,0.01057744105904629
0.0056685302020221175,0.009488400707830111
0.0056685302020221175,0.02228631860913423
0.004780088231639649,0.06708264443284842
0.0034818458390993455,0.027437496021409453
0.013370969896782233,0.0013917328855822476
0.007936865046295627,0.0012518150834008154
0.012613780565002373,0.023634850051062667
0.012613780565002373,0.018377052641744537
0.012613780565002373,0.006942197061694647
0.010081394424113805,0.007841402297018423
0.0074695000240560736,0.019601104444236416
0.014615118615363944,0.006950844138106796
0.00815447013589629,0.02658042446637449
0.006322140693910322,0.004287636932065004
0.006322140693910322,0.0018764813724632668
0.006322140693910322,0.0030946600863334607
0.0018379727386363216,0.0025073685920405154
6.7301978068762e-05,0.005974982993564703
0.002932933717889881,0.002280708913387982
0.0003348353781111136,0.012542370925238817
0.01241901962504381,0.01137469676349343
0.01241901962504381,0.01780193718300918
0.01241901962504381,0.008948341066178514
0.000977505767532658,0.03714316392101849
0.004162369389985897,0.1241796817508188
0.015287775080908485,0.03543371554817023
0.01372796488453596,0.039977604399243895
0.0041472361369701526,0.031518825546670896
0.0041472361369701526,0.004925161527302031
0.0041472361369701526,0.01696975586315992
0.00850952711363273,0.03880419164536434
0.012517843492751556,0.002646748192353593
0.016694680058758755,0.01128775729886337
0.01259917454234345,0.014482025746666608
0.0002548581410553472,0.002665651548143804
0.0002548581410553472,0.0056176283804496765
0.0002548581410553472,0.030007501412750607
0.0027819788027723213,0.05254398748740766
0.0007182887163471611,0.000962144995206601
0.008765387381172522,0.05232648517188394
0.011254436880951298,0.0014007477298744657
0.007381640245382313,0.03289710165199297
0.007381640245382313,0.01531298029015474
0.007381640245382313,0.0031814498864189303
0.001780866097910291,0.015349372364743673
0.0022027595211058957,0.017996778043895604
0.0045857416658328575,0.01020198414393945
0.0018362221087197927,0.018346443501704075
0.0005618096614176884,0.010053135277835381
0.0005618096614176884,0.00825053024799111
0.0005618096614176884,0.037642278849425205
0.004490112394547795,0.0006866975867474244
0.005683979320029709,0.022080706302897785
0.0013828785851274417,0.0712738839900149
0.010821601196486275,0.0036868579456416227
0.014372719172055286,0.1468945633234335
0.014372719172055286,0.05576669288981846
0.014372719172055286,0.013894112658752386
0.005432223993173685,0.04573257926030145
0.003108207083051866,0.03151170161687413
0.012629358833404188,0.03571333814458888
0.001356674106000102,0.004459271406613589
0.0002887855433112533,0.010980239819645143
0.0002887855433112533,0.0018527900781004684
0.0002887855433112533,0.012837850884510026
0.014388119320888171,0.02440015222977296
0.003773390440042488,0.018141754092472775
0.001507312652841248,0.005466373116102803
0.01374058258834901,0.016425624146796606
0.004157306777284498,0.04679957290154059
0.004157306777284498,0.017725630117908803
0.004157306777284498,0.02492724168597729
0.004008202437835371,0.04225060671270177
0.008111314940546234,0.017670817518407086
0.003569779374143944,0.006086628471434397
0.0008678589744498027,0.01371779818153014
0.001061563289808717,0.016876850871642684
0.001061563289808717,0.008262722123260497
0.001061563289808717,0.003057334679747551
0.0011161116953160015,0.04004358388236904
0.002637384393139017,0.002468133864244749
0.0027269737127273443,0.0012904416085634128
0.0013711372630751915,0.057346797791785954
0.0036723301847995243,0.033932571597503854
0.0036723301847995243,0.016246923141087794
0.0036723301847995243,0.05189749278030906
0.0019550733816207674,0.04284359999089113
0.0005340534989697255,0.013139784052515037
0.0010284010837295474,0.055475528055829476
0.004669319278488607,0.009017774991845352
0.001650124001191347,0.04819678215647486
0.001650124001191347,0.02295017949967333
0.001650124001191347,0.01640625802909116
0.011661241707051712,0.007023044006390423
0.0012634796737965607,0.0037851425328785915
0.0011766966819027561,0.009292867965828676
0.010599514535062589,0.033005303937803536
0.002617161765623979,0.024440254475555128
0.002617161765623979,0.0029892210969288935
0.002617161765623979,0.00636951549486556
0.003063137451753577,0.02192691038752777
0.0018528471302205975,0.01078582186090524
0.0011777772896320532,0.002235610854609667
0.0004108141763985261,0.002353364840835534
0.007920324479253041,0.012423828983295226
0.007920324479253041,0.023113344942885767
0.007920324479253041,0.012191475449149718
0.00130775723865821,0.03029514843350348
0.00122472700056051,0.03387731751900506
0.0018075804132536431,0.09858033117338065
0.0015969313199217974,0.014294166047691447
0.0021286736900420163,0.005756835812987159
0.0021286736900420163,0.005094356867789498
0.0021286736900420163,0.050013528161567844
0.0059539047724016985,0.02351314782977487
0.013626995526237732,0.011191780728500241
0.013626995526237732,0.006873961610569377
0.013626995526237732,0.0016916637178890131
0.0008506764902962117,0.008913035878349015
0.0008506764902962117,0.009518705665031497
0.0008506764902962117,0.012627891065383435
0.004825729589230637,0.02148772117067051
0.001758064855812434,0.00869341641314584
0.001758064855812434,0.0031644207757760803
0.013046361450040398,0.029056922703363193
0.013520947280051966,0.04902515788360596
0.013520947280051966,0.022038860181797352
0.013520947280051966,0.004293768913777032
0.007567256085554761,0.05519071401756154
0.0015252307904314096,0.06360135638993869
0.015325252646575858,0.008443673003843848
0.0019721611802100704,0.03161453662862068
0.0035513586205676135,0.04133119275924182
0.0035513586205676135,0.013464539912603742
0.0035513586205676135,0.0134319349313027
0.003795535487852041,0.006169570795945961
0.0020790955491732104,0.08030196153081903
0.002323849586759557,0.012448986221580692
0.0005186881239796198,0.014665923418719654
0.00023952525914489715,0.015515822941099664
0.00023952525914489715,0.0011996390762281537
0.00023952525914489715,0.027098339624907847
0.0070600254348273765,0.0160558597566497
0.0032976896595491487,0.006688334172999254
0.0023368144394089268,0.008811081998121606
0.0006457855994545849,0.03694553094323011
0.00874249819472719,0.0026223631225452404
0.00874249819472719,0.01411136339993007
0.00874249819472719,0.025857387570056175
0.006382474733126045,0.03638338004779162
0.0013001662410798917,0.05281146170385702
0.001891411804895195,0.011184308652973022
0.0021417194918789363,0.015860862012626837
0.007685523122813225,0.02128770443389426
0.007685523122813225,0.0034303291279715285
0.007685523122813225,0.011425020131739596
0.01093527204821431,0.02223778477697804
0.002216094171954381,0.006696488568749355
0.006478297924671003,0.043518745148106296
0.0043217755684483595,0.015484203630376482
0.001358790529556448,0.0016450598551947637
0.001358790529556448,0.005162764199832745
0.001358790529556448,0.021222805270441212
0.0023143698830025462,0.035149179016474366
0.004603258769888323,0.0344397621783197
0.007333202745257308,0.008396009746720244
0.002621790235702978,0.01536426022153858
0.0016667547735659922,0.0054330926661702245
0.0016667547735659922,0.05100546880766825
0.0016667547735659922,0.009944369306722116
0.004875393204395157,0.028806804534690405
0.007247616677272723,0.03837991726243561
0.006538393917622634,0.05577609718700417
0.011658934956260678,0.02453973306160604
0.011254610039226554,0.0038102444450086163
0.011254610039226554,0.005656323048193946
0.011254610039226554,0.026535813785909634
0.021493630548556915,0.02923672750493924
0.008426393814857266,0.053742162510637494
0.01171782002346199,0.07289582520100044
0.029872780947930208,0.00870943094260305
0.005958949789188006,0.010925619867941678
0.005958949789188006,0.023176820666008558
0.005958949789188006,0.03931108081689003
0.009632817069850226,0.006263398611616347
0.013889954085693403,0.018995136339244174
0.007066424590253384,0.0025814465650063263
0.010851093320411676,0.034544187701578175
0.011411298303953698,0.01612999939430889
0.011411298303953698,0.027958608473866022
0.011411298303953698,0.1121378991798093
0.010658795156229927,0.02127545756287817
0.0006156355804133569,0.0029438602949301545
0.054230063609928755,0.010489527900168348
0.007514458760465308,0.6362103557579672
0.05003442227062821,0.07987091275216722
0.05003442227062821,0.027479864430486466
0.05003442227062821,0.035929082466776854
0.04307621812218061,0.03159635335301746
0.025199362839172464,0.06951632147423498
0.017861509238758615,0.047294072352194495
0.01379304252061862,0.14681300351320717
0.021855299029016204,0.05117131916834588
0.021855299029016204,0.00965542729269594
0.021855299029016204,0.048690730618336384
0.05095462741479963,0.10641606704928057
0.004039517818200056,0.07542515125957101
0.01715212064872779,0.007402089425536096
0.012677524485840495,0.016134078188833147
0.000176020151895362,0.05044485753956387
0.000176020151895362,0.02048046146098868
0.000176020151895362,0.055590065663107924
0.00624314138657195,0.08116161794659393
0.02071150601467711,0.03323555246967276
0.025615275241912833,0.04499794893618019
0.0021011489848758373,0.03994208242023591
0.02096447198110198,0.0039032199284800566
0.02096447198110198,0.024996628755766127
0.02096447198110198,0.0018489781324542293
0.00039032577039954777,0.08083595421729005
0.0017254224697483256,0.0013303056723825636
0.018846132999428025,0.018627689794288194
0.03474894776701841,0.006650304011358172
0.03474894776701841,0.06589948324569504
0.03474894776701841,0.01136924910754395
0.03474894776701841,0.004327412070295221
0.03474894776701841,0.007251602355096657
0.01569163578840926,0.002543700986197764
0.0045469637339384025,0.03430029715069134
0.023184128389394456,0.06547261109046731
0.005762578825989366,0.008507448614793984
0.005762578825989366,0.03169260369145551
0.005762578825989366,0.007671731575483965
0.004037477737567606,0.04299458022532116
0.015121228879109026,0.003738550385698365
0.013233518437607873,0.044081071019698666
0.014081829770510328,0.05852561519756348
0.003909199960777461,0.015279776157500806
0.003909199960777461,0.0069468205463591465
0.003909199960777461,0.020858660758568633
0.01667260547504014,0.015659138287786707
0.004463224388977841,0.0008794087707706693
0.0027336754760825593,0.11519594986381353
0.011989604117635902,0.005970582275013682
0.011234460485377197,0.015989422148977583
0.011234460485377197,0.01833766300933702
0.011234460485377197,0.008120484568076052
0.006329547287414367,0.006960779124451774
0.006787206583425493,0.012319776406265238
0.005691196350304877,0.014573560737482909
0.0018437591564001456,0.0819208495979365
0.0018437591564001456,0.007923127789635064
0.0018437591564001456,0.04237147431422632
0.0018437591564001456,0.1016416163059055
0.0021069833484608025,0.03224246864617677
0.0018182825373481994,0.01869583497980329
0.011777317003311914,0.05174022568993432
0.0010261732325524606,0.04990673167786108
0.002124442966571442,0.05527474915960983
0.002124442966571442,0.001502872556580117
0.002124442966571442,0.02347253548481675
0.00013904695013319346,0.0004642513284078503
0.004433114836507495,0.001405991268602139
0.014610236163490118,0.03697289793341529
0.002996791063982246,0.059309669849336936
0.008071389172873977,0.006179010552341794
0.008071389172873977,0.005217203700250941
0.008071389172873977,0.057323575094485595
0.008071389172873977,0.0159386047460502
0.016702927645415696,0.010768070859831589
0.011744282968476035,0.035676379423851906
0.007121063716972999,0.034176113077093145
0.0009459937911697037,0.021489601443350187
0.0009459937911697037,0.025383915473467942
0.0009459937911697037,0.031085780116451155
0.006062366027798702,0.07094728148915812
0.021638116699304853,0.07311485992622921
0.006964848581287809,0.00019746811667961466
0.010604681581992547,0.012337865445425873
0.002916134599626831,0.020406490243163485
0.002916134599626831,0.0027917150122154333
0.002916134599626831,0.004494661920236957
0.013613742187180979,0.00023340229658308813
0.0055751764292180615,0.004420914513540201
0.009030457017700869,0.007488791909903288
0.0030208672375033876,0.06619338050502449
0.014341626924677183,0.000134275266878519
0.014341626924677183,0.003814992835070861
0.014341626924677183,0.017065583160821324
0.004600610485529507,0.004609991084510261
0.0023999938610569653,0.010640273324924458
0.003496006458295923,0.00802750926014081
0.007819556572578972,0.013740545463235337
0.01479843203009061,0.014701304591155661
0.01479843203009061,8.120094432087582e-06
0.01479843203009061,0.009959931410228525
0.003136369758551152,0.03644811333701927
0.0033193019183738286,0.0017521624820985072
0.00711500803848362,0.04314423218956866
0.006572635362448765,0.017184163246420293
0.01214160206257382,0.012464710028829217
0.01214160206257382,0.02023331490216249
0.01214160206257382,0.008909897597239742
0.0031839194995423085,0.008620715445791318
9.902041086430818e-05,0.005338689045132439
0.002321372125697057,0.00930912646916339
0.0038482236767180397,0.015012734722180489
0.006906071005307693,0.005287420963419312
0.006906071005307693,0.0064699021889376715
0.006906071005307693,0.0031468342751679065
0.00023818564553591942,0.028001637137846768
0.010435258991960352,0.0051345809918140126
0.001015433333359725,0.01811702211411441
0.006910145371466088,0.019104869790481035
0.0005449249953332733,0.0012855499586787494
0.0005449249953332733,0.004572668739520083
0.0005449249953332733,0.006000861458086903
0.004912054293020627,0.0044405608666135705
0.00028000781317552174,0.0014252940464380677
0.0002028912355692917,0.005825645593563874
0.0014014112664462062,0.008344810330415694
0.003319125595925653,0.0006723517431222973
0.003319125595925653,0.0033193435150360158
0.003319125595925653,0.0057411568107286134
0.013773724799207791,0.003504214436163356
0.004126479102096526,0.023283769631146378
0.0121152548107533,0.024758003169218095
0.010266242557609847,0.012768614146217652
0.014886474897789362,0.004507715516450248
0.014886474897789362,0.012833281762767304
0.014886474897789362,0.028173154453011395
0.0021676188859767543,0.10549844577576875
0.0027398786076080358,0.008351856233911098
0.0007758967421426318,0.008709807056356761
0.0009754569106813365,0.0009748926225940407
0.006095434866630358,0.015197668152652171
0.006095434866630358,0.03924637279499636
0.006095434866630358,0.06625740891492736
0.00780792827118098,0.009247677133181281
0.030898315851988125,0.0052500989800421645
0.001408285057989888,0.041714638827072555
0.022692983162317625,0.00876010580204053
0.006630870170766293,0.0199519389420561
0.006630870170766293,0.005556493504539399
0.006630870170766293,0.010238131684041689
0.058103093680327275,0.010639743941895527
0.0019755391648251263,0.04655314894824992
0.0048598338445125944,0.0004039668226995773
0.002359086356883257,0.015372317318540822
0.012317402323855212,0.002288221136742668
0.012317402323855212,0.0024373910695996747
0.012317402323855212,0.0009274353053361137
0.014469667667093424,0.025704221393543423
0.018590776253454143,0.027057317832621525
0.029238243497705207,0.03355577674619076
0.0008723808489655733,0.0016549777120327027
0.00870425873707735,0.03306209285711819
0.00870425873707735,0.003072830666724259
0.00870425873707735,0.003300663483605261
0.020287546380051737,0.005367124833030857
0.01192304911735035,0.03853472070348112
0.007411540026841208,0.0019784148173115166
0.016212176287293385,0.01327518821640001
0.004844286605616818,0.014294250991579818
0.004844286605616818,0.0005693582057594443
0.004844286605616818,0.015554515360767822
0.004844286605616818,0.0011959729419759157
0.015100211619009683,0.01801247140847199
0.0037340800088385973,0.0418544815219172
0.008094015363911796,0.14147806843456412
0.0008546561842188165,0.017024876356486397
0.0008546561842188165,0.02528958025873138
0.0008546561842188165,0.005799771844346775
0.010068073256382691,0.013563035470467022
0.018588102133494842,0.02191829080639699
0.008004867172579363,0.008152694705055322
0.011016836775589386,0.015305724561359056
0.005624930343588118,0.007275225232788733
0.005624930343588118,0.007200558287367852
0.005624930343588118,0.009210832301120965
0.0052736213477946655,0.032219164816635705
0.0061675106277048015,0.015732300115386472
0.014183280013879328,0.016113611435945377
0.006794179303175284,0.0009811713531298059
0.022873324267625485,0.001816997428054187
0.022873324267625485,0.012858194738393117
0.022873324267625485,0.014506153314159307
0.0033135364650331393,0.04942978095617987
0.017816245760888392,0.005561921446271203
0.006741874621552471,0.028152488736178663
0.000707477369612971,0.044312907304914065
0.002971114930490295,0.002065714603683879
0.002971114930490295,0.003174945039188608
0.002971114930490295,0.004662754545522796
0.010912515779633243,0.007366372645333229
0.002319291761328254,0.012047716562732666
0.007757549392197695,0.004675853286214611
0.0006633293613589648,0.017505110316808816
0.0029965572115051237,0.008307683515701443
0.0029965572115051237,0.0032082409749440207
0.0029965572115051237,0.01084244321543982
0.0016905818120333037,0.013066628933298513
0.015572244623185535,0.015236346614711882
0.0013097898108840943,0.002793302972760364
0.018897805588422877,0.024841278862498307
0.0012915967841814172,0.01646141154008882
0.0012915967841814172,0.022761027653567998
0.0012915967841814172,0.00889360965796126
0.018538507461052293,0.014485153441750255
0.009213915110452466,0.008503702501701231
0.009445722737623879,0.0017571209183005296
0.0061858723534159105,0.006063893808385637
0.0007114094748875669,0.015451829776255279
0.0007114094748875669,0.00047750834125627744
0.0007114094748875669,0.012038346991093499
0.0037315612824042254,0.021667330250407024
0.013154016508184095,0.014824212275310965
0.011173616615323793,0.06960189926339451
0.00021124060191766287,0.0037632658479691446
0.002328697158870578,0.0072476945019893345
0.002328697158870578,0.01155076881554119
0.002328697158870578,0.010970735679197749
0.0037211971772260375,0.0002676340783173472
0.018502838323380517,0.03895229191038244
0.0015440707046799791,0.033838408603429626
0.00667945050907286,0.006715923611187504
0.005364477859505134,0.003907303957032311
0.005364477859505134,0.013526023392541905
0.005364477859505134,0.008091050192405956
0.01037835511248697,0.019135738175969294
0.0029842367290084737,0.02659914227399714
0.019224269141826428,0.006605393473392626
0.00476089258609553,0.08780467673045989
0.039143677694127375,0.0021264273082106182
0.039143677694127375,0.058174036996546406
0.039143677694127375,0.03310398787620797
0.00018334730847136376,0.012554125285432408
0.0070465154671181356,0.010732457459221178
0.006795643970385597,0.016951956906615773
0.010907755653436881,0.03207759922708982
0.0008237500782766759,0.0009016302131364009
0.0008237500782766759,0.02426600060767589
0.0008237500782766759,0.01878655975768775
0.0017548769927887412,0.036949007041164716
0.005948161688657697,0.05297222610672865
0.010696939925773606,0.0015587444480911921
0.008838818032506957,0.006608261771525465
0.016066542460496987,0.03854183806167903
0.016066542460496987,0.005091451621317919
0.016066542460496987,0.024027950120748744
0.0264534850627036,0.010804355070507476
0.0032800988620705013,0.03253734157565011
0.001365885818980004,0.029840400708699526
0.014377540361567218,0.10534999795323638
0.010277814599486049,0.004056674521352069
0.010277814599486049,0.027290222491280082
0.010277814599486049,0.01747216846339377
0.027568055784508876,0.06922530004728997
0.013256098359323102,0.06466151332263581
0.007435996556114337,0.014164623731014158
0.007643589195121028,0.005347682480925886
0.010595855782293185,0.04921445495586444
0.010595855782293185,0.01647679288766264
0.010595855782293185,0.005725185048907621
0.005947336846124896,0.017162032132789672
0.01336321836369031,0.05534387682447708
0.0009119447812465526,0.004906336321974699
9.749833258962469e-05,0.022410331855182396
0.004780151921148807,0.019030730520832526
0.004780151921148807,0.03553918077167953
0.004780151921148807,0.01587811220143377
0.011236461036514784,0.0010906694922054483
0.0028660125586175735,0.003339274161064001
0.021286493436807854,0.08652246959811907
0.004431461343018227,0.06257881639338872
7.806564903598592e-05,0.00010713079842628173
7.806564903598592e-05,0.022157725140916316
7.806564903598592e-05,0.026619864094016333
0.0012762354056531963,0.03872851553568522
0.0008400821391944191,0.04195859081530528
0.001222985146403743,0.03549116175635307
0.0009064007534349505,0.011450263706075358
0.0009064007534349505,0.031578273910508096
0.0009064007534349505,0.058586215519210096
0.0009064007534349505,0.021649737235907473
0.0009064007534349505,0.021589388612741612
0.007084530461026915,0.002433561994514416
0.0018359525724420773,0.042210956096930756
0.026432615569448484,0.007996675819213369
0.026432615569448484,0.00431966440716875
0.026432615569448484,0.07752003945925491
0.026432615569448484,0.009686461801516376
0.0010716119898120777,0.04332619602922285
0.005870524363653684,0.049355513467366746
0.007951139971982558,0.06722431801557449
0.03266774478459994,0.04996267518003825
0.009579692117642934,0.005616911036406902
0.009579692117642934,0.028099049452060175
0.009579692117642934,0.062072918782114156
0.0032933986313276363,0.07121798954620637
0.009782137992931266,0.020461363660297133
0.009371076484868231,0.10398486563201403
0.0011626011138963796,0.010371494736565503
0.0027562689681320707,0.08780383110946888
0.0027562689681320707,0.011328275746890677
0.0027562689681320707,0.008577818736309119
0.0014648843024699272,0.017933094412381844
0.012264392906885751,0.0312935524600433
0.0029081975761506007,0.015646920702447307
0.005138048639949351,0.15659240110701314
0.002612272794796371,0.1140026017109525
0.002612272794796371,0.045928647107817896
0.002612272794796371,0.0038941295391200113
1.0876026001653e-05,0.006926588085812006
0.007017468056422839,0.004310642063373019
0.006694006579843295,0.07624169651460651
0.005584480670649602,0.09555610160618294
0.000571012015861208,0.015857550674413485
0.000571012015861208,0.006936372927340898
0.000571012015861208,0.040144259533575026
0.016048861208368813,0.010917317886288027
0.003100520538952493,0.0534067352001951
0.02735227129382305,0.05218903389717436
0.012121622775316622,0.025129895280789762
0.018821188191508395,0.03089580483729808
0.018821188191508395,0.021664418770711735
0.018821188191508395,0.016412167492099252
0.002995069820497908,0.1559645189929727
0.002581637517679241,0.005740443366924688
0.000318640135704597,0.04705317588349696
0.012043099355069172,0.05648584867039769
0.0020560575434186374,0.01664352069356532
0.0020560575434186374,0.01708721698349951
0.0020560575434186374,0.02127659885632023
0.012101482389937555,0.023691117236359062
0.006502225423131407,0.011781675946080244
0.0030092936010087325,0.04850982872905443
0.008552254559776892,0.0167166322174698
0.012594623467255851,0.06383084047195946
0.012594623467255851,0.0009953335059002338
0.012594623467255851,0.012126557876987791
0.004507853979201858,0.07337961359520473
0.005649258661562182,0.13504364511754294
0.0034288417764154616,0.02254472817143095
0.01991261115919758,0.09141923530983875
0.0022257921479537143,0.02533564452609392
0.0022257921479537143,0.01361642678292481
0.0022257921479537143,0.032189011511362914
0.004078796525346275,0.08274379977949294
0.0053572574920551265,0.029170772382588733
0.002582624269788545,0.03162993549515333
0.007846569362215634,0.04651095456998967
0.0028223063415534085,0.004510762899418595
0.0028223063415534085,0.005238954925867011
0.0028223063415534085,0.03866080189765583
0.01975172526228435,0.02064034086650391
7.04486964677218e-05,0.04376574150150848
0.0063675024410120695,0.017870064768676686
0.01051872450788228,0.025672825658068166
0.013699776130390747,0.013537421751753834
0.013699776130390747,0.05841281877724464
0.013699776130390747,0.03679856005776437
0.0072933362144227505,0.07282743677901464
0.0024859303789412455,0.009203290775882174
0.0005008252824197572,0.03284666127224214
0.0069716133763163685,0.022807592888559828
0.0014027765006674436,3.216941759484654e-05
0.0014027765006674436,0.003698466798593789
0.0014027765006674436,0.017226241913513667
0.0045778232470959695,0.06671455792286045
0.00431117007646003,0.009609315923607467
0.0048796541311818395,0.04238386714834098
0.0024693230700268223,0.03228023836842819
0.01371737687752086,0.05898191070149402
0.01371737687752086,0.01835334890104972
0.01371737687752086,0.006459808289750143
0.010167562606171566,0.02622270843477826
0.007725570920120487,0.014816367932204182
0.0216051971811091,0.005403990051116596
0.00891770311428553,0.007194983013966493
0.00891770311428553,0.0018121297918730257
0.00891770311428553,0.04109018881154429
0.00891770311428553,0.01179198153670239
0.00891770311428553,0.01052627513906613
0.005079092427806856,0.021742887522670444
0.011491982590279589,0.043912308566773334
0.00913037357642788,0.030194237459045304
0.0031682822317397634,2.426654965962638e-05
0.0031682822317397634,0.024161354902178078
0.0031682822317397634,0.0007934512399585498
0.009986424704438963,0.006405232490594995
0.007602876182752517,0.054145056958744206
0.01310686634728617,0.008694480268756744
0.009413632973382265,0.001182810556829639
0.0006640533216291566,0.03365955505058168
0.0006640533216291566,0.03054362875044122
0.0006640533216291566,0.0739966391258384
0.0017869554192265218,0.01539700779227381
0.011002752379339438,0.011891995567528407
0.00732639649356673,0.05224338478080403
0.0032010799347845765,0.04323662102931074
0.0045267489052655705,0.009939337138367867
0.0045267489052655705,0.01927798539141344
0.0045267489052655705,0.018670297318847107
0.0065617741574100575,0.09567695817152783
0.00731167959293553,0.021666664434911116
0.004808082069585877,0.002513293020824443
0.0035120761314185174,0.023415223409819424
0.016660811104615345,0.07417488259810141
0.016660811104615345,0.0011261558787215348
0.016660811104615345,0.02365464683948041
0.016660811104615345,0.0088510010467896
0.010589687605396173,0.07623847091343774
0.01737791451259996,0.07115568839932854
0.012298465313724928,0.011285707517422978
0.0007786953173071843,0.013295248564165555
0.0007786953173071843,0.027578485474304377
0.0007786953173071843,0.00937550718860262
0.007427800079839149,0.04475467856823739
0.00037040697261265875,0.012255695187065024
0.005985511385865146,0.15571438735090165
0.0079786387439122,0.004113792604346292
0.007603449720393755,0.010456647874275773
0.007603449720393755,0.06344550572851276
0.007603449720393755,0.012129932214513257
0.0058337628093329975,0.06041134624872314
0.010146548811420205,0.019289097933093576
0.007475660440745591,0.15475569461272687
0.0026643860216658574,0.08195198357591008
0.0009514600056562621,0.06096345966304401
0.0009514600056562621,0.004486429412904273
0.0009514600056562621,0.06278127784612232
0.0021370736489166927,0.09910034505104456
0.0050961495639029585,0.04141368620562901
0.006188628481100257,0.034196723647976025
0.003227496525104015,0.00029030914124432834
0.0018912942613399815,0.06797318257759301
0.0018912942613399815,0.036642592892981045
0.0018912942613399815,0.03827601149873582
0.0018912942613399815,0.06926211977538703
0.00040445562887874364,0.011150796195790801
0.02099278977671708,0.036054751304140806
0.011617843439516677,0.06414775076391875
0.0017556627917156278,0.033846116476906364
0.0017556627917156278,0.0392739262256061
0.0017556627917156278,0.016489262204456533
0.0004737717875358608,0.047514228287850076
0.0009711144207553921,0.0027047611255039163
0.005103157487513602,0.12053326878915986
0.006524153772006561,0.02674119499721783
0.010421557001448506,0.02423626394795741
0.010421557001448506,0.035162813297317255
0.010421557001448506,0.08940634144459157
0.002373532290313136,0.07040924385729923
0.0035501389921334934,0.006421942855313551
0.04740148228708506,0.04610775553878936
0.00406464769283589,0.01111713352663804
0.0013577260830965469,0.06019366541428887
0.0013577260830965469,0.008184954093899055
0.0013577260830965469,0.010345145183637786
0.0001749488902681723,0.11157560626778906
0.009516050037629167,0.01839909931175654
0.003792931018866985,0.052190410370405935
0.0015016761855762976,0.04372966697733273
0.003097558413127519,0.08088591419771012
0.003097558413127519,0.007841585292647644
0.003097558413127519,0.08431527053421738
0.013534780881399679,0.016556065845503162
0.0053820230458454165,0.04481843403886861
0.011278241760168905,0.009512083226289306
0.0033495328437022714,0.043098779598384894
0.003460774284561775,0.008041564206144582
0.003460774284561775,0.03326115753936658
0.003460774284561775,0.02952350891443288
0.010731098923073494,0.03498394972827758
0.002784800034423173,0.01170159957768852
0.0019523862763358968,0.0015652394548257515
0.0007579305960929668,0.021929245161281023
0.007242663559138185,0.03255042770721186
0.007242663559138185,0.007361947620614414
0.007242663559138185,0.02949920268056966
0.01226120064491164,0.017166344473131506
0.005309356043271339,0.009800514026777674
0.00029393734260988705,0.01209703562586205
0.00037783543127413514,0.021639715142080865
0.005188062410424988,0.006159626565996494
0.005188062410424988,0.010389601961072751
0.005188062410424988,0.01822045612029493
0.004774166885599392,0.0220125206100945
0.011687700417149382,0.03347965399925808
0.0010505767641175781,0.07397740610931904
0.00012187913718847329,0.029207323131705626
0.0003740542828713148,0.04425557344584095
0.0003740542828713148,0.03135529297779038
0.0003740542828713148,0.03722908958623539
0.00021008671698818975,0.0572862720813269
0.002368819484409473,0.05703326002331226
0.01761224530057832,0.01177522902243655
0.0017854077972911148,0.002712189349784875
0.008621347605321707,0.04997666847470436
0.008621347605321707,0.01957323751821552
0.008621347605321707,0.04408493942795306
0.00011175296354514588,0.020795649619112132
0.008438455247960042,0.028498655766100976
0.016085532868695598,0.04149690333864283
0.0237432594303569,0.022646290249006114
0.01236866523764144,0.04034827215039409
0.01236866523764144,0.03210757786436098
0.01236866523764144,0.028486729756273175
0.006566254367034865,0.05263534892036077
0.013947670347975932,0.025123431017326583
0.0017789938334266976,0.0054855105959693284
0.015554987637345054,0.033533772859634374
0.005545905208652375,0.06641639019523586
0.005545905208652375,0.020011195508665095
0.005545905208652375,0.010993874409622855
0.0009644291556585991,0.031049546094237834
0.003261592850093797,0.038927765418213724
0.000224329051357119,0.0023267057848097737
0.000874064742606493,0.036959620313399666
0.013718070288047121,0.047232671998967427
0.013718070288047121,0.015829634617260998
0.013718070288047121,0.002977700434475179
0.0022252927808310103,0.0017117295295617876
0.011164872677842885,0.04284972052180371
0.001004361402622059,0.020183036503332138
0.007445308808943296,0.04765287912742572
0.008434063945004712,0.035610430950529015
0.008434063945004712,0.00465071373671378
0.008434063945004712,0.009027398330134186
0.008434063945004712,0.04406560297044257
0.0028945397021949365,0.00899919540573501
0.001012620760101677,0.03007939905973038
0.006380373434744047,0.008703252121748896
0.0019387598241405253,0.010315360220425096
0.0019387598241405253,0.004786947649914049
0.0019387598241405253,0.030295818638076035
0.010277949284878865,0.01615156254783588
0.0063318368990364915,0.13002950604726332
0.004216644169515078,0.03698260144520821
0.0038562518585906307,0.0031126473903777944
